filename,label
n0000i00000000.jpg,n0000
n0000i00000001.jpg,n0000
n0000i00000002.jpg,n0000
n0000i00000003.jpg,n0000
n0000i00000004.jpg,n0000
n0000i00000005.jpg,n0000
n0000i00000006.jpg,n0000
n0000i00000007.jpg,n0000
n0000i00000008.jpg,n0000
n0000i00000009.jpg,n0000
n0000i00000010.jpg,n0000
n0000i00000011.jpg,n0000
n0000i00000012.jpg,n0000
n0000i00000013.jpg,n0000
n0000i00000014.jpg,n0000
n0000i00000015.jpg,n0000
n0000i00000016.jpg,n0000
n0000i00000017.jpg,n0000
n0000i00000018.jpg,n0000
n0000i00000019.jpg,n0000
n0000i00000020.jpg,n0000
n0000i00000021.jpg,n0000
n0000i00000022.jpg,n0000
n0000i00000023.jpg,n0000
n0000i00000024.jpg,n0000
n0000i00000025.jpg,n0000
n0000i00000026.jpg,n0000
n0000i00000027.jpg,n0000
n0000i00000028.jpg,n0000
n0000i00000029.jpg,n0000
n0000i00000030.jpg,n0000
n0000i00000031.jpg,n0000
n0000i00000032.jpg,n0000
n0000i00000033.jpg,n0000
n0000i00000034.jpg,n0000
n0000i00000035.jpg,n0000
n0000i00000036.jpg,n0000
n0000i00000037.jpg,n0000
n0000i00000038.jpg,n0000
n0000i00000039.jpg,n0000
n0000i00000040.jpg,n0000
n0000i00000041.jpg,n0000
n0000i00000042.jpg,n0000
n0000i00000043.jpg,n0000
n0000i00000044.jpg,n0000
n0000i00000045.jpg,n0000
n0000i00000046.jpg,n0000
n0000i00000047.jpg,n0000
n0000i00000048.jpg,n0000
n0000i00000049.jpg,n0000
n0000i00000050.jpg,n0000
n0000i00000051.jpg,n0000
n0000i00000052.jpg,n0000
n0000i00000053.jpg,n0000
n0000i00000054.jpg,n0000
n0000i00000055.jpg,n0000
n0000i00000056.jpg,n0000
n0000i00000057.jpg,n0000
n0000i00000058.jpg,n0000
n0000i00000059.jpg,n0000
n0000i00000060.jpg,n0000
n0000i00000061.jpg,n0000
n0000i00000062.jpg,n0000
n0000i00000063.jpg,n0000
n0000i00000064.jpg,n0000
n0000i00000065.jpg,n0000
n0000i00000066.jpg,n0000
n0000i00000067.jpg,n0000
n0000i00000068.jpg,n0000
n0000i00000069.jpg,n0000
n0000i00000070.jpg,n0000
n0000i00000071.jpg,n0000
n0000i00000072.jpg,n0000
n0000i00000073.jpg,n0000
n0000i00000074.jpg,n0000
n0000i00000075.jpg,n0000
n0000i00000076.jpg,n0000
n0000i00000077.jpg,n0000
n0000i00000078.jpg,n0000
n0000i00000079.jpg,n0000
n0000i00000080.jpg,n0000
n0000i00000081.jpg,n0000
n0000i00000082.jpg,n0000
n0000i00000083.jpg,n0000
n0000i00000084.jpg,n0000
n0000i00000085.jpg,n0000
n0000i00000086.jpg,n0000
n0000i00000087.jpg,n0000
n0000i00000088.jpg,n0000
n0000i00000089.jpg,n0000
n0000i00000090.jpg,n0000
n0000i00000091.jpg,n0000
n0000i00000092.jpg,n0000
n0000i00000093.jpg,n0000
n0000i00000094.jpg,n0000
n0000i00000095.jpg,n0000
n0000i00000096.jpg,n0000
n0000i00000097.jpg,n0000
n0000i00000098.jpg,n0000
n0000i00000099.jpg,n0000
n0000i00000100.jpg,n0000
n0000i00000101.jpg,n0000
n0000i00000102.jpg,n0000
n0000i00000103.jpg,n0000
n0000i00000104.jpg,n0000
n0000i00000105.jpg,n0000
n0000i00000106.jpg,n0000
n0000i00000107.jpg,n0000
n0000i00000108.jpg,n0000
n0000i00000109.jpg,n0000
n0000i00000110.jpg,n0000
n0000i00000111.jpg,n0000
n0000i00000112.jpg,n0000
n0000i00000113.jpg,n0000
n0000i00000114.jpg,n0000
n0000i00000115.jpg,n0000
n0000i00000116.jpg,n0000
n0000i00000117.jpg,n0000
n0000i00000118.jpg,n0000
n0000i00000119.jpg,n0000
n0000i00000120.jpg,n0000
n0000i00000121.jpg,n0000
n0000i00000122.jpg,n0000
n0000i00000123.jpg,n0000
n0000i00000124.jpg,n0000
n0000i00000125.jpg,n0000
n0000i00000126.jpg,n0000
n0000i00000127.jpg,n0000
n0000i00000128.jpg,n0000
n0000i00000129.jpg,n0000
n0000i00000130.jpg,n0000
n0000i00000131.jpg,n0000
n0000i00000132.jpg,n0000
n0000i00000133.jpg,n0000
n0000i00000134.jpg,n0000
n0001i00000000.jpg,n0001
n0001i00000001.jpg,n0001
n0001i00000002.jpg,n0001
n0001i00000003.jpg,n0001
n0001i00000004.jpg,n0001
n0001i00000005.jpg,n0001
n0001i00000006.jpg,n0001
n0001i00000007.jpg,n0001
n0001i00000008.jpg,n0001
n0001i00000009.jpg,n0001
n0001i00000010.jpg,n0001
n0001i00000011.jpg,n0001
n0001i00000012.jpg,n0001
n0001i00000013.jpg,n0001
n0001i00000014.jpg,n0001
n0001i00000015.jpg,n0001
n0001i00000016.jpg,n0001
n0001i00000017.jpg,n0001
n0001i00000018.jpg,n0001
n0001i00000019.jpg,n0001
n0001i00000020.jpg,n0001
n0001i00000021.jpg,n0001
n0001i00000022.jpg,n0001
n0001i00000023.jpg,n0001
n0001i00000024.jpg,n0001
n0001i00000025.jpg,n0001
n0001i00000026.jpg,n0001
n0001i00000027.jpg,n0001
n0001i00000028.jpg,n0001
n0001i00000029.jpg,n0001
n0001i00000030.jpg,n0001
n0001i00000031.jpg,n0001
n0001i00000032.jpg,n0001
n0001i00000033.jpg,n0001
n0001i00000034.jpg,n0001
n0001i00000035.jpg,n0001
n0001i00000036.jpg,n0001
n0001i00000037.jpg,n0001
n0001i00000038.jpg,n0001
n0001i00000039.jpg,n0001
n0001i00000040.jpg,n0001
n0001i00000041.jpg,n0001
n0001i00000042.jpg,n0001
n0001i00000043.jpg,n0001
n0001i00000044.jpg,n0001
n0001i00000045.jpg,n0001
n0001i00000046.jpg,n0001
n0001i00000047.jpg,n0001
n0001i00000048.jpg,n0001
n0001i00000049.jpg,n0001
n0001i00000050.jpg,n0001
n0001i00000051.jpg,n0001
n0001i00000052.jpg,n0001
n0001i00000053.jpg,n0001
n0001i00000054.jpg,n0001
n0001i00000055.jpg,n0001
n0001i00000056.jpg,n0001
n0001i00000057.jpg,n0001
n0001i00000058.jpg,n0001
n0001i00000059.jpg,n0001
n0001i00000060.jpg,n0001
n0001i00000061.jpg,n0001
n0001i00000062.jpg,n0001
n0001i00000063.jpg,n0001
n0001i00000064.jpg,n0001
n0001i00000065.jpg,n0001
n0001i00000066.jpg,n0001
n0001i00000067.jpg,n0001
n0001i00000068.jpg,n0001
n0001i00000069.jpg,n0001
n0001i00000070.jpg,n0001
n0001i00000071.jpg,n0001
n0001i00000072.jpg,n0001
n0001i00000073.jpg,n0001
n0001i00000074.jpg,n0001
n0001i00000075.jpg,n0001
n0001i00000076.jpg,n0001
n0001i00000077.jpg,n0001
n0001i00000078.jpg,n0001
n0001i00000079.jpg,n0001
n0001i00000080.jpg,n0001
n0001i00000081.jpg,n0001
n0001i00000082.jpg,n0001
n0001i00000083.jpg,n0001
n0001i00000084.jpg,n0001
n0001i00000085.jpg,n0001
n0001i00000086.jpg,n0001
n0001i00000087.jpg,n0001
n0001i00000088.jpg,n0001
n0001i00000089.jpg,n0001
n0001i00000090.jpg,n0001
n0001i00000091.jpg,n0001
n0001i00000092.jpg,n0001
n0001i00000093.jpg,n0001
n0001i00000094.jpg,n0001
n0001i00000095.jpg,n0001
n0001i00000096.jpg,n0001
n0001i00000097.jpg,n0001
n0001i00000098.jpg,n0001
n0001i00000099.jpg,n0001
n0001i00000100.jpg,n0001
n0001i00000101.jpg,n0001
n0001i00000102.jpg,n0001
n0001i00000103.jpg,n0001
n0001i00000104.jpg,n0001
n0001i00000105.jpg,n0001
n0001i00000106.jpg,n0001
n0001i00000107.jpg,n0001
n0001i00000108.jpg,n0001
n0001i00000109.jpg,n0001
n0001i00000110.jpg,n0001
n0001i00000111.jpg,n0001
n0001i00000112.jpg,n0001
n0001i00000113.jpg,n0001
n0001i00000114.jpg,n0001
n0001i00000115.jpg,n0001
n0001i00000116.jpg,n0001
n0001i00000117.jpg,n0001
n0001i00000118.jpg,n0001
n0001i00000119.jpg,n0001
n0001i00000120.jpg,n0001
n0001i00000121.jpg,n0001
n0001i00000122.jpg,n0001
n0001i00000123.jpg,n0001
n0001i00000124.jpg,n0001
n0001i00000125.jpg,n0001
n0001i00000126.jpg,n0001
n0001i00000127.jpg,n0001
n0001i00000128.jpg,n0001
n0001i00000129.jpg,n0001
n0001i00000130.jpg,n0001
n0001i00000131.jpg,n0001
n0001i00000132.jpg,n0001
n0001i00000133.jpg,n0001
n0001i00000134.jpg,n0001
n0001i00000135.jpg,n0001
n0001i00000136.jpg,n0001
n0001i00000137.jpg,n0001
n0001i00000138.jpg,n0001
n0001i00000139.jpg,n0001
n0001i00000140.jpg,n0001
n0001i00000141.jpg,n0001
n0001i00000142.jpg,n0001
n0001i00000143.jpg,n0001
n0001i00000144.jpg,n0001
n0001i00000145.jpg,n0001
n0001i00000146.jpg,n0001
n0001i00000147.jpg,n0001
n0001i00000148.jpg,n0001
n0001i00000149.jpg,n0001
n0001i00000150.jpg,n0001
n0001i00000151.jpg,n0001
n0001i00000152.jpg,n0001
n0001i00000153.jpg,n0001
n0001i00000154.jpg,n0001
n0001i00000155.jpg,n0001
n0001i00000156.jpg,n0001
n0001i00000157.jpg,n0001
n0001i00000158.jpg,n0001
n0001i00000159.jpg,n0001
n0001i00000160.jpg,n0001
n0001i00000161.jpg,n0001
n0001i00000162.jpg,n0001
n0001i00000163.jpg,n0001
n0001i00000164.jpg,n0001
n0001i00000165.jpg,n0001
n0001i00000166.jpg,n0001
n0001i00000167.jpg,n0001
n0001i00000168.jpg,n0001
n0001i00000169.jpg,n0001
n0001i00000170.jpg,n0001
n0001i00000171.jpg,n0001
n0001i00000172.jpg,n0001
n0001i00000173.jpg,n0001
n0001i00000174.jpg,n0001
n0001i00000175.jpg,n0001
n0001i00000176.jpg,n0001
n0001i00000177.jpg,n0001
n0001i00000178.jpg,n0001
n0001i00000179.jpg,n0001
n0001i00000180.jpg,n0001
n0001i00000181.jpg,n0001
n0001i00000182.jpg,n0001
n0001i00000183.jpg,n0001
n0001i00000184.jpg,n0001
n0001i00000185.jpg,n0001
n0001i00000186.jpg,n0001
n0001i00000187.jpg,n0001
n0001i00000188.jpg,n0001
n0001i00000189.jpg,n0001
n0001i00000190.jpg,n0001
n0001i00000191.jpg,n0001
n0001i00000192.jpg,n0001
n0001i00000193.jpg,n0001
n0001i00000194.jpg,n0001
n0001i00000195.jpg,n0001
n0001i00000196.jpg,n0001
n0001i00000197.jpg,n0001
n0001i00000198.jpg,n0001
n0001i00000199.jpg,n0001
n0001i00000200.jpg,n0001
n0001i00000201.jpg,n0001
n0001i00000202.jpg,n0001
n0001i00000203.jpg,n0001
n0001i00000204.jpg,n0001
n0001i00000205.jpg,n0001
n0001i00000206.jpg,n0001
n0001i00000207.jpg,n0001
n0001i00000208.jpg,n0001
n0001i00000209.jpg,n0001
n0001i00000210.jpg,n0001
n0001i00000211.jpg,n0001
n0001i00000212.jpg,n0001
n0001i00000213.jpg,n0001
n0001i00000214.jpg,n0001
n0001i00000215.jpg,n0001
n0001i00000216.jpg,n0001
n0001i00000217.jpg,n0001
n0001i00000218.jpg,n0001
n0001i00000219.jpg,n0001
n0001i00000220.jpg,n0001
n0001i00000221.jpg,n0001
n0001i00000222.jpg,n0001
n0001i00000223.jpg,n0001
n0001i00000224.jpg,n0001
n0001i00000225.jpg,n0001
n0001i00000226.jpg,n0001
n0001i00000227.jpg,n0001
n0001i00000228.jpg,n0001
n0001i00000229.jpg,n0001
n0001i00000230.jpg,n0001
n0001i00000231.jpg,n0001
n0001i00000232.jpg,n0001
n0001i00000233.jpg,n0001
n0001i00000234.jpg,n0001
n0001i00000235.jpg,n0001
n0001i00000236.jpg,n0001
n0001i00000237.jpg,n0001
n0001i00000238.jpg,n0001
n0001i00000239.jpg,n0001
n0001i00000240.jpg,n0001
n0001i00000241.jpg,n0001
n0001i00000242.jpg,n0001
n0001i00000243.jpg,n0001
n0001i00000244.jpg,n0001
n0001i00000245.jpg,n0001
n0001i00000246.jpg,n0001
n0001i00000247.jpg,n0001
n0001i00000248.jpg,n0001
n0001i00000249.jpg,n0001
n0001i00000250.jpg,n0001
n0001i00000251.jpg,n0001
n0001i00000252.jpg,n0001
n0001i00000253.jpg,n0001
n0002i00000000.jpg,n0002
n0002i00000001.jpg,n0002
n0002i00000002.jpg,n0002
n0002i00000003.jpg,n0002
n0002i00000004.jpg,n0002
n0002i00000005.jpg,n0002
n0002i00000006.jpg,n0002
n0002i00000007.jpg,n0002
n0002i00000008.jpg,n0002
n0002i00000009.jpg,n0002
n0002i00000010.jpg,n0002
n0002i00000011.jpg,n0002
n0002i00000012.jpg,n0002
n0002i00000013.jpg,n0002
n0002i00000014.jpg,n0002
n0002i00000015.jpg,n0002
n0002i00000016.jpg,n0002
n0002i00000017.jpg,n0002
n0002i00000018.jpg,n0002
n0002i00000019.jpg,n0002
n0002i00000020.jpg,n0002
n0002i00000021.jpg,n0002
n0002i00000022.jpg,n0002
n0002i00000023.jpg,n0002
n0002i00000024.jpg,n0002
n0002i00000025.jpg,n0002
n0002i00000026.jpg,n0002
n0002i00000027.jpg,n0002
n0002i00000028.jpg,n0002
n0002i00000029.jpg,n0002
n0002i00000030.jpg,n0002
n0002i00000031.jpg,n0002
n0002i00000032.jpg,n0002
n0002i00000033.jpg,n0002
n0002i00000034.jpg,n0002
n0002i00000035.jpg,n0002
n0002i00000036.jpg,n0002
n0002i00000037.jpg,n0002
n0002i00000038.jpg,n0002
n0002i00000039.jpg,n0002
n0002i00000040.jpg,n0002
n0002i00000041.jpg,n0002
n0002i00000042.jpg,n0002
n0002i00000043.jpg,n0002
n0002i00000044.jpg,n0002
n0002i00000045.jpg,n0002
n0002i00000046.jpg,n0002
n0002i00000047.jpg,n0002
n0002i00000048.jpg,n0002
n0002i00000049.jpg,n0002
n0002i00000050.jpg,n0002
n0002i00000051.jpg,n0002
n0002i00000052.jpg,n0002
n0002i00000053.jpg,n0002
n0002i00000054.jpg,n0002
n0002i00000055.jpg,n0002
n0002i00000056.jpg,n0002
n0002i00000057.jpg,n0002
n0002i00000058.jpg,n0002
n0002i00000059.jpg,n0002
n0002i00000060.jpg,n0002
n0002i00000061.jpg,n0002
n0002i00000062.jpg,n0002
n0002i00000063.jpg,n0002
n0002i00000064.jpg,n0002
n0002i00000065.jpg,n0002
n0002i00000066.jpg,n0002
n0002i00000067.jpg,n0002
n0002i00000068.jpg,n0002
n0002i00000069.jpg,n0002
n0002i00000070.jpg,n0002
n0002i00000071.jpg,n0002
n0002i00000072.jpg,n0002
n0002i00000073.jpg,n0002
n0002i00000074.jpg,n0002
n0002i00000075.jpg,n0002
n0002i00000076.jpg,n0002
n0002i00000077.jpg,n0002
n0002i00000078.jpg,n0002
n0002i00000079.jpg,n0002
n0002i00000080.jpg,n0002
n0002i00000081.jpg,n0002
n0002i00000082.jpg,n0002
n0002i00000083.jpg,n0002
n0002i00000084.jpg,n0002
n0002i00000085.jpg,n0002
n0002i00000086.jpg,n0002
n0002i00000087.jpg,n0002
n0002i00000088.jpg,n0002
n0002i00000089.jpg,n0002
n0002i00000090.jpg,n0002
n0002i00000091.jpg,n0002
n0002i00000092.jpg,n0002
n0002i00000093.jpg,n0002
n0002i00000094.jpg,n0002
n0002i00000095.jpg,n0002
n0002i00000096.jpg,n0002
n0002i00000097.jpg,n0002
n0002i00000098.jpg,n0002
n0002i00000099.jpg,n0002
n0002i00000100.jpg,n0002
n0002i00000101.jpg,n0002
n0002i00000102.jpg,n0002
n0002i00000103.jpg,n0002
n0002i00000104.jpg,n0002
n0002i00000105.jpg,n0002
n0002i00000106.jpg,n0002
n0002i00000107.jpg,n0002
n0002i00000108.jpg,n0002
n0002i00000109.jpg,n0002
n0002i00000110.jpg,n0002
n0002i00000111.jpg,n0002
n0002i00000112.jpg,n0002
n0002i00000113.jpg,n0002
n0002i00000114.jpg,n0002
n0002i00000115.jpg,n0002
n0002i00000116.jpg,n0002
n0002i00000117.jpg,n0002
n0002i00000118.jpg,n0002
n0002i00000119.jpg,n0002
n0002i00000120.jpg,n0002
n0002i00000121.jpg,n0002
n0002i00000122.jpg,n0002
n0002i00000123.jpg,n0002
n0002i00000124.jpg,n0002
n0002i00000125.jpg,n0002
n0002i00000126.jpg,n0002
n0002i00000127.jpg,n0002
n0002i00000128.jpg,n0002
n0002i00000129.jpg,n0002
n0002i00000130.jpg,n0002
n0002i00000131.jpg,n0002
n0002i00000132.jpg,n0002
n0002i00000133.jpg,n0002
n0002i00000134.jpg,n0002
n0002i00000135.jpg,n0002
n0002i00000136.jpg,n0002
n0002i00000137.jpg,n0002
n0002i00000138.jpg,n0002
n0002i00000139.jpg,n0002
n0002i00000140.jpg,n0002
n0002i00000141.jpg,n0002
n0002i00000142.jpg,n0002
n0002i00000143.jpg,n0002
n0002i00000144.jpg,n0002
n0002i00000145.jpg,n0002
n0002i00000146.jpg,n0002
n0002i00000147.jpg,n0002
n0002i00000148.jpg,n0002
n0002i00000149.jpg,n0002
n0002i00000150.jpg,n0002
n0002i00000151.jpg,n0002
n0002i00000152.jpg,n0002
n0002i00000153.jpg,n0002
n0002i00000154.jpg,n0002
n0002i00000155.jpg,n0002
n0002i00000156.jpg,n0002
n0002i00000157.jpg,n0002
n0002i00000158.jpg,n0002
n0002i00000159.jpg,n0002
n0002i00000160.jpg,n0002
n0002i00000161.jpg,n0002
n0002i00000162.jpg,n0002
n0002i00000163.jpg,n0002
n0002i00000164.jpg,n0002
n0002i00000165.jpg,n0002
n0002i00000166.jpg,n0002
n0002i00000167.jpg,n0002
n0002i00000168.jpg,n0002
n0002i00000169.jpg,n0002
n0002i00000170.jpg,n0002
n0002i00000171.jpg,n0002
n0002i00000172.jpg,n0002
n0002i00000173.jpg,n0002
n0002i00000174.jpg,n0002
n0002i00000175.jpg,n0002
n0002i00000176.jpg,n0002
n0002i00000177.jpg,n0002
n0002i00000178.jpg,n0002
n0002i00000179.jpg,n0002
n0002i00000180.jpg,n0002
n0002i00000181.jpg,n0002
n0002i00000182.jpg,n0002
n0002i00000183.jpg,n0002
n0002i00000184.jpg,n0002
n0002i00000185.jpg,n0002
n0002i00000186.jpg,n0002
n0002i00000187.jpg,n0002
n0002i00000188.jpg,n0002
n0002i00000189.jpg,n0002
n0002i00000190.jpg,n0002
n0002i00000191.jpg,n0002
n0002i00000192.jpg,n0002
n0002i00000193.jpg,n0002
n0002i00000194.jpg,n0002
n0002i00000195.jpg,n0002
n0002i00000196.jpg,n0002
n0002i00000197.jpg,n0002
n0002i00000198.jpg,n0002
n0002i00000199.jpg,n0002
n0002i00000200.jpg,n0002
n0002i00000201.jpg,n0002
n0002i00000202.jpg,n0002
n0002i00000203.jpg,n0002
n0002i00000204.jpg,n0002
n0002i00000205.jpg,n0002
n0002i00000206.jpg,n0002
n0002i00000207.jpg,n0002
n0002i00000208.jpg,n0002
n0002i00000209.jpg,n0002
n0002i00000210.jpg,n0002
n0002i00000211.jpg,n0002
n0002i00000212.jpg,n0002
n0002i00000213.jpg,n0002
n0002i00000214.jpg,n0002
n0002i00000215.jpg,n0002
n0002i00000216.jpg,n0002
n0002i00000217.jpg,n0002
n0002i00000218.jpg,n0002
n0002i00000219.jpg,n0002
n0002i00000220.jpg,n0002
n0002i00000221.jpg,n0002
n0002i00000222.jpg,n0002
n0002i00000223.jpg,n0002
n0002i00000224.jpg,n0002
n0002i00000225.jpg,n0002
n0002i00000226.jpg,n0002
n0002i00000227.jpg,n0002
n0002i00000228.jpg,n0002
n0002i00000229.jpg,n0002
n0002i00000230.jpg,n0002
n0002i00000231.jpg,n0002
n0002i00000232.jpg,n0002
n0002i00000233.jpg,n0002
n0002i00000234.jpg,n0002
n0002i00000235.jpg,n0002
n0002i00000236.jpg,n0002
n0002i00000237.jpg,n0002
n0002i00000238.jpg,n0002
n0002i00000239.jpg,n0002
n0002i00000240.jpg,n0002
n0002i00000241.jpg,n0002
n0002i00000242.jpg,n0002
n0002i00000243.jpg,n0002
n0002i00000244.jpg,n0002
n0002i00000245.jpg,n0002
n0002i00000246.jpg,n0002
n0002i00000247.jpg,n0002
n0002i00000248.jpg,n0002
n0002i00000249.jpg,n0002
n0002i00000250.jpg,n0002
n0002i00000251.jpg,n0002
n0002i00000252.jpg,n0002
n0002i00000253.jpg,n0002
n0002i00000254.jpg,n0002
n0002i00000255.jpg,n0002
n0002i00000256.jpg,n0002
n0002i00000257.jpg,n0002
n0002i00000258.jpg,n0002
n0002i00000259.jpg,n0002
n0002i00000260.jpg,n0002
n0002i00000261.jpg,n0002
n0002i00000262.jpg,n0002
n0002i00000263.jpg,n0002
n0002i00000264.jpg,n0002
n0002i00000265.jpg,n0002
n0002i00000266.jpg,n0002
n0002i00000267.jpg,n0002
n0002i00000268.jpg,n0002
n0002i00000269.jpg,n0002
n0002i00000270.jpg,n0002
n0002i00000271.jpg,n0002
n0002i00000272.jpg,n0002
n0002i00000273.jpg,n0002
n0002i00000274.jpg,n0002
n0002i00000275.jpg,n0002
n0002i00000276.jpg,n0002
n0002i00000277.jpg,n0002
n0002i00000278.jpg,n0002
n0002i00000279.jpg,n0002
n0002i00000280.jpg,n0002
n0002i00000281.jpg,n0002
n0002i00000282.jpg,n0002
n0002i00000283.jpg,n0002
n0002i00000284.jpg,n0002
n0002i00000285.jpg,n0002
n0002i00000286.jpg,n0002
n0002i00000287.jpg,n0002
n0002i00000288.jpg,n0002
n0002i00000289.jpg,n0002
n0002i00000290.jpg,n0002
n0002i00000291.jpg,n0002
n0002i00000292.jpg,n0002
n0002i00000293.jpg,n0002
n0002i00000294.jpg,n0002
n0002i00000295.jpg,n0002
n0002i00000296.jpg,n0002
n0002i00000297.jpg,n0002
n0002i00000298.jpg,n0002
n0002i00000299.jpg,n0002
n0002i00000300.jpg,n0002
n0002i00000301.jpg,n0002
n0002i00000302.jpg,n0002
n0002i00000303.jpg,n0002
n0002i00000304.jpg,n0002
n0002i00000305.jpg,n0002
n0002i00000306.jpg,n0002
n0002i00000307.jpg,n0002
n0002i00000308.jpg,n0002
n0002i00000309.jpg,n0002
n0002i00000310.jpg,n0002
n0002i00000311.jpg,n0002
n0002i00000312.jpg,n0002
n0002i00000313.jpg,n0002
n0002i00000314.jpg,n0002
n0002i00000315.jpg,n0002
n0002i00000316.jpg,n0002
n0002i00000317.jpg,n0002
n0002i00000318.jpg,n0002
n0002i00000319.jpg,n0002
n0002i00000320.jpg,n0002
n0002i00000321.jpg,n0002
n0002i00000322.jpg,n0002
n0002i00000323.jpg,n0002
n0002i00000324.jpg,n0002
n0002i00000325.jpg,n0002
n0002i00000326.jpg,n0002
n0002i00000327.jpg,n0002
n0002i00000328.jpg,n0002
n0002i00000329.jpg,n0002
n0002i00000330.jpg,n0002
n0002i00000331.jpg,n0002
n0002i00000332.jpg,n0002
n0002i00000333.jpg,n0002
n0002i00000334.jpg,n0002
n0002i00000335.jpg,n0002
n0002i00000336.jpg,n0002
n0002i00000337.jpg,n0002
n0002i00000338.jpg,n0002
n0002i00000339.jpg,n0002
n0002i00000340.jpg,n0002
n0002i00000341.jpg,n0002
n0002i00000342.jpg,n0002
n0002i00000343.jpg,n0002
n0002i00000344.jpg,n0002
n0002i00000345.jpg,n0002
n0002i00000346.jpg,n0002
n0002i00000347.jpg,n0002
n0002i00000348.jpg,n0002
n0002i00000349.jpg,n0002
n0002i00000350.jpg,n0002
n0002i00000351.jpg,n0002
n0002i00000352.jpg,n0002
n0002i00000353.jpg,n0002
n0002i00000354.jpg,n0002
n0002i00000355.jpg,n0002
n0002i00000356.jpg,n0002
n0002i00000357.jpg,n0002
n0002i00000358.jpg,n0002
n0002i00000359.jpg,n0002
n0002i00000360.jpg,n0002
n0002i00000361.jpg,n0002
n0002i00000362.jpg,n0002
n0002i00000363.jpg,n0002
n0002i00000364.jpg,n0002
n0002i00000365.jpg,n0002
n0002i00000366.jpg,n0002
n0002i00000367.jpg,n0002
n0002i00000368.jpg,n0002
n0002i00000369.jpg,n0002
n0002i00000370.jpg,n0002
n0002i00000371.jpg,n0002
n0002i00000372.jpg,n0002
n0002i00000373.jpg,n0002
n0002i00000374.jpg,n0002
n0002i00000375.jpg,n0002
n0002i00000376.jpg,n0002
n0002i00000377.jpg,n0002
n0002i00000378.jpg,n0002
n0002i00000379.jpg,n0002
n0002i00000380.jpg,n0002
n0002i00000381.jpg,n0002
n0002i00000382.jpg,n0002
n0002i00000383.jpg,n0002
n0002i00000384.jpg,n0002
n0002i00000385.jpg,n0002
n0002i00000386.jpg,n0002
n0002i00000387.jpg,n0002
n0002i00000388.jpg,n0002
n0002i00000389.jpg,n0002
n0002i00000390.jpg,n0002
n0002i00000391.jpg,n0002
n0002i00000392.jpg,n0002
n0002i00000393.jpg,n0002
n0002i00000394.jpg,n0002
n0002i00000395.jpg,n0002
n0002i00000396.jpg,n0002
n0002i00000397.jpg,n0002
n0002i00000398.jpg,n0002
n0002i00000399.jpg,n0002
n0002i00000400.jpg,n0002
n0002i00000401.jpg,n0002
n0002i00000402.jpg,n0002
n0002i00000403.jpg,n0002
n0002i00000404.jpg,n0002
n0002i00000405.jpg,n0002
n0002i00000406.jpg,n0002
n0002i00000407.jpg,n0002
n0002i00000408.jpg,n0002
n0002i00000409.jpg,n0002
n0003i00000000.jpg,n0003
n0003i00000001.jpg,n0003
n0003i00000002.jpg,n0003
n0003i00000003.jpg,n0003
n0003i00000004.jpg,n0003
n0003i00000005.jpg,n0003
n0003i00000006.jpg,n0003
n0003i00000007.jpg,n0003
n0003i00000008.jpg,n0003
n0003i00000009.jpg,n0003
n0003i00000010.jpg,n0003
n0003i00000011.jpg,n0003
n0003i00000012.jpg,n0003
n0003i00000013.jpg,n0003
n0003i00000014.jpg,n0003
n0003i00000015.jpg,n0003
n0003i00000016.jpg,n0003
n0003i00000017.jpg,n0003
n0003i00000018.jpg,n0003
n0003i00000019.jpg,n0003
n0003i00000020.jpg,n0003
n0003i00000021.jpg,n0003
n0003i00000022.jpg,n0003
n0003i00000023.jpg,n0003
n0003i00000024.jpg,n0003
n0003i00000025.jpg,n0003
n0003i00000026.jpg,n0003
n0003i00000027.jpg,n0003
n0003i00000028.jpg,n0003
n0003i00000029.jpg,n0003
n0003i00000030.jpg,n0003
n0003i00000031.jpg,n0003
n0003i00000032.jpg,n0003
n0003i00000033.jpg,n0003
n0003i00000034.jpg,n0003
n0003i00000035.jpg,n0003
n0003i00000036.jpg,n0003
n0003i00000037.jpg,n0003
n0003i00000038.jpg,n0003
n0003i00000039.jpg,n0003
n0003i00000040.jpg,n0003
n0003i00000041.jpg,n0003
n0003i00000042.jpg,n0003
n0003i00000043.jpg,n0003
n0003i00000044.jpg,n0003
n0003i00000045.jpg,n0003
n0003i00000046.jpg,n0003
n0003i00000047.jpg,n0003
n0003i00000048.jpg,n0003
n0003i00000049.jpg,n0003
n0003i00000050.jpg,n0003
n0003i00000051.jpg,n0003
n0003i00000052.jpg,n0003
n0003i00000053.jpg,n0003
n0003i00000054.jpg,n0003
n0003i00000055.jpg,n0003
n0003i00000056.jpg,n0003
n0003i00000057.jpg,n0003
n0003i00000058.jpg,n0003
n0003i00000059.jpg,n0003
n0003i00000060.jpg,n0003
n0003i00000061.jpg,n0003
n0003i00000062.jpg,n0003
n0003i00000063.jpg,n0003
n0003i00000064.jpg,n0003
n0003i00000065.jpg,n0003
n0003i00000066.jpg,n0003
n0003i00000067.jpg,n0003
n0003i00000068.jpg,n0003
n0003i00000069.jpg,n0003
n0003i00000070.jpg,n0003
n0003i00000071.jpg,n0003
n0003i00000072.jpg,n0003
n0003i00000073.jpg,n0003
n0003i00000074.jpg,n0003
n0003i00000075.jpg,n0003
n0003i00000076.jpg,n0003
n0003i00000077.jpg,n0003
n0003i00000078.jpg,n0003
n0003i00000079.jpg,n0003
n0003i00000080.jpg,n0003
n0003i00000081.jpg,n0003
n0003i00000082.jpg,n0003
n0003i00000083.jpg,n0003
n0003i00000084.jpg,n0003
n0003i00000085.jpg,n0003
n0003i00000086.jpg,n0003
n0003i00000087.jpg,n0003
n0003i00000088.jpg,n0003
n0003i00000089.jpg,n0003
n0003i00000090.jpg,n0003
n0003i00000091.jpg,n0003
n0003i00000092.jpg,n0003
n0003i00000093.jpg,n0003
n0003i00000094.jpg,n0003
n0003i00000095.jpg,n0003
n0003i00000096.jpg,n0003
n0003i00000097.jpg,n0003
n0003i00000098.jpg,n0003
n0003i00000099.jpg,n0003
n0003i00000100.jpg,n0003
n0003i00000101.jpg,n0003
n0003i00000102.jpg,n0003
n0003i00000103.jpg,n0003
n0003i00000104.jpg,n0003
n0003i00000105.jpg,n0003
n0003i00000106.jpg,n0003
n0003i00000107.jpg,n0003
n0003i00000108.jpg,n0003
n0003i00000109.jpg,n0003
n0003i00000110.jpg,n0003
n0003i00000111.jpg,n0003
n0003i00000112.jpg,n0003
n0003i00000113.jpg,n0003
n0003i00000114.jpg,n0003
n0003i00000115.jpg,n0003
n0003i00000116.jpg,n0003
n0003i00000117.jpg,n0003
n0003i00000118.jpg,n0003
n0003i00000119.jpg,n0003
n0003i00000120.jpg,n0003
n0003i00000121.jpg,n0003
n0003i00000122.jpg,n0003
n0003i00000123.jpg,n0003
n0003i00000124.jpg,n0003
n0003i00000125.jpg,n0003
n0003i00000126.jpg,n0003
n0003i00000127.jpg,n0003
n0003i00000128.jpg,n0003
n0003i00000129.jpg,n0003
n0003i00000130.jpg,n0003
n0003i00000131.jpg,n0003
n0003i00000132.jpg,n0003
n0003i00000133.jpg,n0003
n0003i00000134.jpg,n0003
n0003i00000135.jpg,n0003
n0003i00000136.jpg,n0003
n0003i00000137.jpg,n0003
n0003i00000138.jpg,n0003
n0003i00000139.jpg,n0003
n0003i00000140.jpg,n0003
n0003i00000141.jpg,n0003
n0003i00000142.jpg,n0003
n0003i00000143.jpg,n0003
n0003i00000144.jpg,n0003
n0003i00000145.jpg,n0003
n0003i00000146.jpg,n0003
n0003i00000147.jpg,n0003
n0003i00000148.jpg,n0003
n0003i00000149.jpg,n0003
n0003i00000150.jpg,n0003
n0003i00000151.jpg,n0003
n0003i00000152.jpg,n0003
n0003i00000153.jpg,n0003
n0003i00000154.jpg,n0003
n0003i00000155.jpg,n0003
n0003i00000156.jpg,n0003
n0003i00000157.jpg,n0003
n0003i00000158.jpg,n0003
n0003i00000159.jpg,n0003
n0003i00000160.jpg,n0003
n0003i00000161.jpg,n0003
n0003i00000162.jpg,n0003
n0003i00000163.jpg,n0003
n0003i00000164.jpg,n0003
n0003i00000165.jpg,n0003
n0003i00000166.jpg,n0003
n0003i00000167.jpg,n0003
n0003i00000168.jpg,n0003
n0003i00000169.jpg,n0003
n0003i00000170.jpg,n0003
n0003i00000171.jpg,n0003
n0003i00000172.jpg,n0003
n0003i00000173.jpg,n0003
n0003i00000174.jpg,n0003
n0003i00000175.jpg,n0003
n0003i00000176.jpg,n0003
n0003i00000177.jpg,n0003
n0004i00000000.jpg,n0004
n0004i00000001.jpg,n0004
n0004i00000002.jpg,n0004
n0004i00000003.jpg,n0004
n0004i00000004.jpg,n0004
n0004i00000005.jpg,n0004
n0004i00000006.jpg,n0004
n0004i00000007.jpg,n0004
n0004i00000008.jpg,n0004
n0004i00000009.jpg,n0004
n0004i00000010.jpg,n0004
n0004i00000011.jpg,n0004
n0004i00000012.jpg,n0004
n0004i00000013.jpg,n0004
n0004i00000014.jpg,n0004
n0004i00000015.jpg,n0004
n0004i00000016.jpg,n0004
n0004i00000017.jpg,n0004
n0004i00000018.jpg,n0004
n0004i00000019.jpg,n0004
n0004i00000020.jpg,n0004
n0004i00000021.jpg,n0004
n0004i00000022.jpg,n0004
n0004i00000023.jpg,n0004
n0004i00000024.jpg,n0004
n0004i00000025.jpg,n0004
n0004i00000026.jpg,n0004
n0004i00000027.jpg,n0004
n0004i00000028.jpg,n0004
n0004i00000029.jpg,n0004
n0004i00000030.jpg,n0004
n0004i00000031.jpg,n0004
n0004i00000032.jpg,n0004
n0004i00000033.jpg,n0004
n0004i00000034.jpg,n0004
n0004i00000035.jpg,n0004
n0004i00000036.jpg,n0004
n0004i00000037.jpg,n0004
n0004i00000038.jpg,n0004
n0004i00000039.jpg,n0004
n0004i00000040.jpg,n0004
n0004i00000041.jpg,n0004
n0004i00000042.jpg,n0004
n0004i00000043.jpg,n0004
n0004i00000044.jpg,n0004
n0004i00000045.jpg,n0004
n0004i00000046.jpg,n0004
n0004i00000047.jpg,n0004
n0004i00000048.jpg,n0004
n0004i00000049.jpg,n0004
n0004i00000050.jpg,n0004
n0004i00000051.jpg,n0004
n0004i00000052.jpg,n0004
n0004i00000053.jpg,n0004
n0004i00000054.jpg,n0004
n0004i00000055.jpg,n0004
n0004i00000056.jpg,n0004
n0004i00000057.jpg,n0004
n0004i00000058.jpg,n0004
n0004i00000059.jpg,n0004
n0004i00000060.jpg,n0004
n0004i00000061.jpg,n0004
n0004i00000062.jpg,n0004
n0004i00000063.jpg,n0004
n0004i00000064.jpg,n0004
n0004i00000065.jpg,n0004
n0004i00000066.jpg,n0004
n0004i00000067.jpg,n0004
n0004i00000068.jpg,n0004
n0004i00000069.jpg,n0004
n0004i00000070.jpg,n0004
n0004i00000071.jpg,n0004
n0004i00000072.jpg,n0004
n0004i00000073.jpg,n0004
n0004i00000074.jpg,n0004
n0004i00000075.jpg,n0004
n0004i00000076.jpg,n0004
n0004i00000077.jpg,n0004
n0004i00000078.jpg,n0004
n0004i00000079.jpg,n0004
n0004i00000080.jpg,n0004
n0004i00000081.jpg,n0004
n0004i00000082.jpg,n0004
n0004i00000083.jpg,n0004
n0004i00000084.jpg,n0004
n0004i00000085.jpg,n0004
n0004i00000086.jpg,n0004
n0004i00000087.jpg,n0004
n0004i00000088.jpg,n0004
n0004i00000089.jpg,n0004
n0004i00000090.jpg,n0004
n0004i00000091.jpg,n0004
n0004i00000092.jpg,n0004
n0004i00000093.jpg,n0004
n0004i00000094.jpg,n0004
n0004i00000095.jpg,n0004
n0004i00000096.jpg,n0004
n0004i00000097.jpg,n0004
n0004i00000098.jpg,n0004
n0004i00000099.jpg,n0004
n0004i00000100.jpg,n0004
n0004i00000101.jpg,n0004
n0004i00000102.jpg,n0004
n0004i00000103.jpg,n0004
n0004i00000104.jpg,n0004
n0004i00000105.jpg,n0004
n0004i00000106.jpg,n0004
n0004i00000107.jpg,n0004
n0004i00000108.jpg,n0004
n0004i00000109.jpg,n0004
n0004i00000110.jpg,n0004
n0004i00000111.jpg,n0004
n0005i00000000.jpg,n0005
n0005i00000001.jpg,n0005
n0005i00000002.jpg,n0005
n0005i00000003.jpg,n0005
n0005i00000004.jpg,n0005
n0005i00000005.jpg,n0005
n0005i00000006.jpg,n0005
n0005i00000007.jpg,n0005
n0005i00000008.jpg,n0005
n0005i00000009.jpg,n0005
n0005i00000010.jpg,n0005
n0005i00000011.jpg,n0005
n0005i00000012.jpg,n0005
n0005i00000013.jpg,n0005
n0005i00000014.jpg,n0005
n0006i00000000.jpg,n0006
n0006i00000001.jpg,n0006
n0006i00000002.jpg,n0006
n0006i00000003.jpg,n0006
n0006i00000004.jpg,n0006
n0006i00000005.jpg,n0006
n0006i00000006.jpg,n0006
n0006i00000007.jpg,n0006
n0006i00000008.jpg,n0006
n0006i00000009.jpg,n0006
n0006i00000010.jpg,n0006
n0006i00000011.jpg,n0006
n0006i00000012.jpg,n0006
n0006i00000013.jpg,n0006
n0006i00000014.jpg,n0006
n0006i00000015.jpg,n0006
n0006i00000016.jpg,n0006
n0006i00000017.jpg,n0006
n0006i00000018.jpg,n0006
n0006i00000019.jpg,n0006
n0006i00000020.jpg,n0006
n0006i00000021.jpg,n0006
n0006i00000022.jpg,n0006
n0006i00000023.jpg,n0006
n0006i00000024.jpg,n0006
n0006i00000025.jpg,n0006
n0006i00000026.jpg,n0006
n0006i00000027.jpg,n0006
n0006i00000028.jpg,n0006
n0006i00000029.jpg,n0006
n0006i00000030.jpg,n0006
n0006i00000031.jpg,n0006
n0006i00000032.jpg,n0006
n0006i00000033.jpg,n0006
n0006i00000034.jpg,n0006
n0006i00000035.jpg,n0006
n0006i00000036.jpg,n0006
n0006i00000037.jpg,n0006
n0006i00000038.jpg,n0006
n0006i00000039.jpg,n0006
n0006i00000040.jpg,n0006
n0006i00000041.jpg,n0006
n0006i00000042.jpg,n0006
n0006i00000043.jpg,n0006
n0006i00000044.jpg,n0006
n0006i00000045.jpg,n0006
n0007i00000000.jpg,n0007
n0007i00000001.jpg,n0007
n0007i00000002.jpg,n0007
n0007i00000003.jpg,n0007
n0007i00000004.jpg,n0007
n0007i00000005.jpg,n0007
n0007i00000006.jpg,n0007
n0007i00000007.jpg,n0007
n0007i00000008.jpg,n0007
n0007i00000009.jpg,n0007
n0007i00000010.jpg,n0007
n0007i00000011.jpg,n0007
n0007i00000012.jpg,n0007
n0007i00000013.jpg,n0007
n0007i00000014.jpg,n0007
n0007i00000015.jpg,n0007
n0007i00000016.jpg,n0007
n0007i00000017.jpg,n0007
n0007i00000018.jpg,n0007
n0007i00000019.jpg,n0007
n0007i00000020.jpg,n0007
n0007i00000021.jpg,n0007
n0007i00000022.jpg,n0007
n0007i00000023.jpg,n0007
n0007i00000024.jpg,n0007
n0007i00000025.jpg,n0007
n0007i00000026.jpg,n0007
n0007i00000027.jpg,n0007
n0007i00000028.jpg,n0007
n0007i00000029.jpg,n0007
n0007i00000030.jpg,n0007
n0007i00000031.jpg,n0007
n0007i00000032.jpg,n0007
n0007i00000033.jpg,n0007
n0007i00000034.jpg,n0007
n0007i00000035.jpg,n0007
n0007i00000036.jpg,n0007
n0007i00000037.jpg,n0007
n0007i00000038.jpg,n0007
n0007i00000039.jpg,n0007
n0007i00000040.jpg,n0007
n0007i00000041.jpg,n0007
n0007i00000042.jpg,n0007
n0007i00000043.jpg,n0007
n0007i00000044.jpg,n0007
n0007i00000045.jpg,n0007
n0007i00000046.jpg,n0007
n0007i00000047.jpg,n0007
n0007i00000048.jpg,n0007
n0007i00000049.jpg,n0007
n0007i00000050.jpg,n0007
n0007i00000051.jpg,n0007
n0007i00000052.jpg,n0007
n0007i00000053.jpg,n0007
n0007i00000054.jpg,n0007
n0007i00000055.jpg,n0007
n0007i00000056.jpg,n0007
n0007i00000057.jpg,n0007
n0007i00000058.jpg,n0007
n0007i00000059.jpg,n0007
n0008i00000000.jpg,n0008
n0008i00000001.jpg,n0008
n0008i00000002.jpg,n0008
n0008i00000003.jpg,n0008
n0008i00000004.jpg,n0008
n0008i00000005.jpg,n0008
n0008i00000006.jpg,n0008
n0008i00000007.jpg,n0008
n0008i00000008.jpg,n0008
n0008i00000009.jpg,n0008
n0008i00000010.jpg,n0008
n0008i00000011.jpg,n0008
n0008i00000012.jpg,n0008
n0008i00000013.jpg,n0008
n0008i00000014.jpg,n0008
n0008i00000015.jpg,n0008
n0008i00000016.jpg,n0008
n0008i00000017.jpg,n0008
n0008i00000018.jpg,n0008
n0008i00000019.jpg,n0008
n0008i00000020.jpg,n0008
n0008i00000021.jpg,n0008
n0008i00000022.jpg,n0008
n0008i00000023.jpg,n0008
n0008i00000024.jpg,n0008
n0008i00000025.jpg,n0008
n0008i00000026.jpg,n0008
n0008i00000027.jpg,n0008
n0008i00000028.jpg,n0008
n0008i00000029.jpg,n0008
n0008i00000030.jpg,n0008
n0008i00000031.jpg,n0008
n0008i00000032.jpg,n0008
n0008i00000033.jpg,n0008
n0008i00000034.jpg,n0008
n0008i00000035.jpg,n0008
n0008i00000036.jpg,n0008
n0008i00000037.jpg,n0008
n0008i00000038.jpg,n0008
n0008i00000039.jpg,n0008
n0008i00000040.jpg,n0008
n0008i00000041.jpg,n0008
n0008i00000042.jpg,n0008
n0008i00000043.jpg,n0008
n0008i00000044.jpg,n0008
n0008i00000045.jpg,n0008
n0008i00000046.jpg,n0008
n0008i00000047.jpg,n0008
n0008i00000048.jpg,n0008
n0008i00000049.jpg,n0008
n0008i00000050.jpg,n0008
n0008i00000051.jpg,n0008
n0008i00000052.jpg,n0008
n0008i00000053.jpg,n0008
n0008i00000054.jpg,n0008
n0008i00000055.jpg,n0008
n0008i00000056.jpg,n0008
n0008i00000057.jpg,n0008
n0008i00000058.jpg,n0008
n0008i00000059.jpg,n0008
n0008i00000060.jpg,n0008
n0009i00000000.jpg,n0009
n0009i00000001.jpg,n0009
n0009i00000002.jpg,n0009
n0009i00000003.jpg,n0009
n0009i00000004.jpg,n0009
n0009i00000005.jpg,n0009
n0009i00000006.jpg,n0009
n0009i00000007.jpg,n0009
n0009i00000008.jpg,n0009
n0009i00000009.jpg,n0009
n0009i00000010.jpg,n0009
n0009i00000011.jpg,n0009
n0009i00000012.jpg,n0009
n0009i00000013.jpg,n0009
n0009i00000014.jpg,n0009
n0009i00000015.jpg,n0009
n0009i00000016.jpg,n0009
n0009i00000017.jpg,n0009
n0009i00000018.jpg,n0009
n0009i00000019.jpg,n0009
n0009i00000020.jpg,n0009
n0009i00000021.jpg,n0009
n0009i00000022.jpg,n0009
n0009i00000023.jpg,n0009
n0009i00000024.jpg,n0009
n0009i00000025.jpg,n0009
n0009i00000026.jpg,n0009
n0009i00000027.jpg,n0009
n0009i00000028.jpg,n0009
n0009i00000029.jpg,n0009
n0009i00000030.jpg,n0009
n0009i00000031.jpg,n0009
n0009i00000032.jpg,n0009
n0009i00000033.jpg,n0009
n0009i00000034.jpg,n0009
n0009i00000035.jpg,n0009
n0009i00000036.jpg,n0009
n0009i00000037.jpg,n0009
n0009i00000038.jpg,n0009
n0009i00000039.jpg,n0009
n0009i00000040.jpg,n0009
n0009i00000041.jpg,n0009
n0009i00000042.jpg,n0009
n0009i00000043.jpg,n0009
n0010i00000000.jpg,n0010
n0010i00000001.jpg,n0010
n0010i00000002.jpg,n0010
n0010i00000003.jpg,n0010
n0010i00000004.jpg,n0010
n0010i00000005.jpg,n0010
n0010i00000006.jpg,n0010
n0010i00000007.jpg,n0010
n0010i00000008.jpg,n0010
n0010i00000009.jpg,n0010
n0010i00000010.jpg,n0010
n0010i00000011.jpg,n0010
n0010i00000012.jpg,n0010
n0010i00000013.jpg,n0010
n0010i00000014.jpg,n0010
n0010i00000015.jpg,n0010
n0010i00000016.jpg,n0010
n0010i00000017.jpg,n0010
n0010i00000018.jpg,n0010
n0010i00000019.jpg,n0010
n0010i00000020.jpg,n0010
n0010i00000021.jpg,n0010
n0010i00000022.jpg,n0010
n0010i00000023.jpg,n0010
n0010i00000024.jpg,n0010
n0010i00000025.jpg,n0010
n0010i00000026.jpg,n0010
n0010i00000027.jpg,n0010
n0010i00000028.jpg,n0010
n0010i00000029.jpg,n0010
n0010i00000030.jpg,n0010
n0010i00000031.jpg,n0010
n0010i00000032.jpg,n0010
n0010i00000033.jpg,n0010
n0010i00000034.jpg,n0010
n0010i00000035.jpg,n0010
n0010i00000036.jpg,n0010
n0010i00000037.jpg,n0010
n0010i00000038.jpg,n0010
n0010i00000039.jpg,n0010
n0010i00000040.jpg,n0010
n0010i00000041.jpg,n0010
n0010i00000042.jpg,n0010
n0010i00000043.jpg,n0010
n0010i00000044.jpg,n0010
n0010i00000045.jpg,n0010
n0010i00000046.jpg,n0010
n0010i00000047.jpg,n0010
n0010i00000048.jpg,n0010
n0010i00000049.jpg,n0010
n0010i00000050.jpg,n0010
n0010i00000051.jpg,n0010
n0010i00000052.jpg,n0010
n0010i00000053.jpg,n0010
n0010i00000054.jpg,n0010
n0010i00000055.jpg,n0010
n0010i00000056.jpg,n0010
n0010i00000057.jpg,n0010
n0010i00000058.jpg,n0010
n0010i00000059.jpg,n0010
n0010i00000060.jpg,n0010
n0010i00000061.jpg,n0010
n0010i00000062.jpg,n0010
n0010i00000063.jpg,n0010
n0010i00000064.jpg,n0010
n0011i00000000.jpg,n0011
n0011i00000001.jpg,n0011
n0011i00000002.jpg,n0011
n0011i00000003.jpg,n0011
n0011i00000004.jpg,n0011
n0011i00000005.jpg,n0011
n0011i00000006.jpg,n0011
n0011i00000007.jpg,n0011
n0011i00000008.jpg,n0011
n0011i00000009.jpg,n0011
n0011i00000010.jpg,n0011
n0011i00000011.jpg,n0011
n0011i00000012.jpg,n0011
n0011i00000013.jpg,n0011
n0011i00000014.jpg,n0011
n0011i00000015.jpg,n0011
n0011i00000016.jpg,n0011
n0011i00000017.jpg,n0011
n0011i00000018.jpg,n0011
n0011i00000019.jpg,n0011
n0011i00000020.jpg,n0011
n0011i00000021.jpg,n0011
n0011i00000022.jpg,n0011
n0011i00000023.jpg,n0011
n0011i00000024.jpg,n0011
n0011i00000025.jpg,n0011
n0011i00000026.jpg,n0011
n0011i00000027.jpg,n0011
n0011i00000028.jpg,n0011
n0011i00000029.jpg,n0011
n0012i00000000.jpg,n0012
n0012i00000001.jpg,n0012
n0012i00000002.jpg,n0012
n0012i00000003.jpg,n0012
n0012i00000004.jpg,n0012
n0012i00000005.jpg,n0012
n0012i00000006.jpg,n0012
n0012i00000007.jpg,n0012
n0012i00000008.jpg,n0012
n0012i00000009.jpg,n0012
n0012i00000010.jpg,n0012
n0012i00000011.jpg,n0012
n0012i00000012.jpg,n0012
n0012i00000013.jpg,n0012
n0012i00000014.jpg,n0012
n0012i00000015.jpg,n0012
n0012i00000016.jpg,n0012
n0012i00000017.jpg,n0012
n0012i00000018.jpg,n0012
n0012i00000019.jpg,n0012
n0012i00000020.jpg,n0012
n0012i00000021.jpg,n0012
n0012i00000022.jpg,n0012
n0012i00000023.jpg,n0012
n0012i00000024.jpg,n0012
n0012i00000025.jpg,n0012
n0012i00000026.jpg,n0012
n0012i00000027.jpg,n0012
n0012i00000028.jpg,n0012
n0012i00000029.jpg,n0012
n0012i00000030.jpg,n0012
n0013i00000000.jpg,n0013
n0013i00000001.jpg,n0013
n0013i00000002.jpg,n0013
n0013i00000003.jpg,n0013
n0013i00000004.jpg,n0013
n0013i00000005.jpg,n0013
n0013i00000006.jpg,n0013
n0013i00000007.jpg,n0013
n0013i00000008.jpg,n0013
n0013i00000009.jpg,n0013
n0013i00000010.jpg,n0013
n0013i00000011.jpg,n0013
n0013i00000012.jpg,n0013
n0013i00000013.jpg,n0013
n0013i00000014.jpg,n0013
n0013i00000015.jpg,n0013
n0013i00000016.jpg,n0013
n0013i00000017.jpg,n0013
n0013i00000018.jpg,n0013
n0013i00000019.jpg,n0013
n0013i00000020.jpg,n0013
n0013i00000021.jpg,n0013
n0013i00000022.jpg,n0013
n0013i00000023.jpg,n0013
n0013i00000024.jpg,n0013
n0013i00000025.jpg,n0013
n0013i00000026.jpg,n0013
n0013i00000027.jpg,n0013
n0013i00000028.jpg,n0013
n0013i00000029.jpg,n0013
n0013i00000030.jpg,n0013
n0013i00000031.jpg,n0013
n0013i00000032.jpg,n0013
n0013i00000033.jpg,n0013
n0013i00000034.jpg,n0013
n0013i00000035.jpg,n0013
n0013i00000036.jpg,n0013
n0013i00000037.jpg,n0013
n0013i00000038.jpg,n0013
n0013i00000039.jpg,n0013
n0013i00000040.jpg,n0013
n0013i00000041.jpg,n0013
n0013i00000042.jpg,n0013
n0013i00000043.jpg,n0013
n0013i00000044.jpg,n0013
n0013i00000045.jpg,n0013
n0013i00000046.jpg,n0013
n0013i00000047.jpg,n0013
n0013i00000048.jpg,n0013
n0013i00000049.jpg,n0013
n0013i00000050.jpg,n0013
n0013i00000051.jpg,n0013
n0013i00000052.jpg,n0013
n0013i00000053.jpg,n0013
n0013i00000054.jpg,n0013
n0013i00000055.jpg,n0013
n0013i00000056.jpg,n0013
n0013i00000057.jpg,n0013
n0013i00000058.jpg,n0013
n0014i00000000.jpg,n0014
n0014i00000001.jpg,n0014
n0014i00000002.jpg,n0014
n0014i00000003.jpg,n0014
n0014i00000004.jpg,n0014
n0014i00000005.jpg,n0014
n0014i00000006.jpg,n0014
n0014i00000007.jpg,n0014
n0014i00000008.jpg,n0014
n0014i00000009.jpg,n0014
n0014i00000010.jpg,n0014
n0014i00000011.jpg,n0014
n0014i00000012.jpg,n0014
n0014i00000013.jpg,n0014
n0014i00000014.jpg,n0014
n0014i00000015.jpg,n0014
n0014i00000016.jpg,n0014
n0014i00000017.jpg,n0014
n0014i00000018.jpg,n0014
n0014i00000019.jpg,n0014
n0014i00000020.jpg,n0014
n0014i00000021.jpg,n0014
n0014i00000022.jpg,n0014
n0014i00000023.jpg,n0014
n0014i00000024.jpg,n0014
n0014i00000025.jpg,n0014
n0014i00000026.jpg,n0014
n0014i00000027.jpg,n0014
n0014i00000028.jpg,n0014
n0015i00000000.jpg,n0015
n0015i00000001.jpg,n0015
n0015i00000002.jpg,n0015
n0015i00000003.jpg,n0015
n0015i00000004.jpg,n0015
n0015i00000005.jpg,n0015
n0015i00000006.jpg,n0015
n0015i00000007.jpg,n0015
n0015i00000008.jpg,n0015
n0015i00000009.jpg,n0015
n0015i00000010.jpg,n0015
n0015i00000011.jpg,n0015
n0015i00000012.jpg,n0015
n0015i00000013.jpg,n0015
n0015i00000014.jpg,n0015
n0015i00000015.jpg,n0015
n0015i00000016.jpg,n0015
n0015i00000017.jpg,n0015
n0015i00000018.jpg,n0015
n0015i00000019.jpg,n0015
n0015i00000020.jpg,n0015
n0015i00000021.jpg,n0015
n0015i00000022.jpg,n0015
n0015i00000023.jpg,n0015
n0015i00000024.jpg,n0015
n0015i00000025.jpg,n0015
n0015i00000026.jpg,n0015
n0015i00000027.jpg,n0015
n0015i00000028.jpg,n0015
n0015i00000029.jpg,n0015
n0015i00000030.jpg,n0015
n0015i00000031.jpg,n0015
n0015i00000032.jpg,n0015
n0015i00000033.jpg,n0015
n0015i00000034.jpg,n0015
n0015i00000035.jpg,n0015
n0015i00000036.jpg,n0015
n0015i00000037.jpg,n0015
n0015i00000038.jpg,n0015
n0015i00000039.jpg,n0015
n0015i00000040.jpg,n0015
n0015i00000041.jpg,n0015
n0015i00000042.jpg,n0015
n0015i00000043.jpg,n0015
n0015i00000044.jpg,n0015
n0015i00000045.jpg,n0015
n0015i00000046.jpg,n0015
n0015i00000047.jpg,n0015
n0015i00000048.jpg,n0015
n0016i00000000.jpg,n0016
n0016i00000001.jpg,n0016
n0016i00000002.jpg,n0016
n0016i00000003.jpg,n0016
n0016i00000004.jpg,n0016
n0016i00000005.jpg,n0016
n0016i00000006.jpg,n0016
n0016i00000007.jpg,n0016
n0016i00000008.jpg,n0016
n0016i00000009.jpg,n0016
n0016i00000010.jpg,n0016
n0016i00000011.jpg,n0016
n0016i00000012.jpg,n0016
n0016i00000013.jpg,n0016
n0016i00000014.jpg,n0016
n0016i00000015.jpg,n0016
n0016i00000016.jpg,n0016
n0016i00000017.jpg,n0016
n0016i00000018.jpg,n0016
n0016i00000019.jpg,n0016
n0016i00000020.jpg,n0016
n0016i00000021.jpg,n0016
n0016i00000022.jpg,n0016
n0016i00000023.jpg,n0016
n0016i00000024.jpg,n0016
n0016i00000025.jpg,n0016
n0016i00000026.jpg,n0016
n0016i00000027.jpg,n0016
n0016i00000028.jpg,n0016
n0016i00000029.jpg,n0016
n0016i00000030.jpg,n0016
n0017i00000000.jpg,n0017
n0017i00000001.jpg,n0017
n0017i00000002.jpg,n0017
n0017i00000003.jpg,n0017
n0017i00000004.jpg,n0017
n0017i00000005.jpg,n0017
n0017i00000006.jpg,n0017
n0017i00000007.jpg,n0017
n0017i00000008.jpg,n0017
n0017i00000009.jpg,n0017
n0017i00000010.jpg,n0017
